{
    "hero": {
        "greeting": "Welcome to the Show",
        "introduction": "Mi Scusi",
        "img_profile": "https://lh3.googleusercontent.com/n4F5NRvhUyWtgcBrrlY4xhEfbJJzvnJtAeTjdqrj3xmALjZiHaRAThjYbZwPf9E84CJNDerWTluGYgF4Xx7GgWYn",
        "img_background": "https://lh3.googleusercontent.com/ki3JxmiHi8eVQx49Zz2rANCbLHtlIITn6Nr4eJvSvOVtyrABCe3vsWvaxVLMFhApcKAwAUs61mtchA0sc8tv2PrRjA"
    },
    "projects": {
        "header": "My Project",
        "subheader": "Take a look "
    },
    "image_profile": "https://i1.wp.com/metro.co.uk/wp-content/uploads/2015/11/peter-griffin-family-guy-cartoon-hd-wallpaper-1920x1200-33630.png?quality=90&strip=all&zoom=1&resize=644%2C402&ssl=1",
    "greeting": "Hey Welcome to the show",
    "introduction": "Developing everyday",
    "languages": [
        {"name": "javascript" , "years": 5},
        {"name": "react" , "years": 3},
        {"name": "node" , "years": 4},
        {"name": "express" , "years": 3}
    ]
}